{"cameraMode":{"drawMode":0,"name":"Shaded","section":"Shading Mode"},"sceneLighting":false,"audioPlay":false,"sceneViewState":{"m_AlwaysRefresh":false,"showFog":false,"showSkybox":false,"showFlares":false,"showImageEffects":false,"showParticleSystems":false,"showVisualEffectGraphs":true,"m_FxEnabled":true},"in2DMode":false,"pivot":{"x":0.03174781799316406,"y":0.05122685432434082,"z":-0.322268009185791},"rotation":{"x":0.10004699230194092,"y":0.8735300898551941,"z":-0.20268991589546204,"w":0.4311850965023041},"size":0.9928655028343201,"orthographic":false}