{"cameraMode":{"drawMode":0,"name":"Shaded","section":"Shading Mode"},"sceneLighting":false,"audioPlay":false,"sceneViewState":{"m_AlwaysRefresh":false,"showFog":false,"showSkybox":false,"showFlares":false,"showImageEffects":false,"showParticleSystems":false,"showVisualEffectGraphs":true,"m_FxEnabled":true},"in2DMode":false,"pivot":{"x":-0.4427504539489746,"y":5.0694403648376469,"z":0.27358555793762209},"rotation":{"x":-0.06103239580988884,"y":-0.9364938139915466,"z":0.27741655707359316,"w":-0.20591507852077485},"size":6.430787563323975,"orthographic":false}