{"cameraMode":{"drawMode":0,"name":"Shaded","section":"Shading Mode"},"sceneLighting":false,"audioPlay":false,"sceneViewState":{"m_AlwaysRefresh":false,"showFog":true,"showSkybox":false,"showFlares":true,"showImageEffects":true,"showParticleSystems":true,"showVisualEffectGraphs":true,"m_FxEnabled":true},"in2DMode":false,"pivot":{"x":33.428001403808597,"y":-0.7362614870071411,"z":-58.92000198364258},"rotation":{"x":0.041111066937446597,"y":-0.9582124948501587,"z":0.21779905259609223,"w":0.18089811503887177},"size":2.4606423377990724,"orthographic":false}