{"cameraMode":{"drawMode":0,"name":"Shaded","section":"Shading Mode"},"sceneLighting":false,"audioPlay":false,"sceneViewState":{"m_AlwaysRefresh":false,"showFog":true,"showSkybox":false,"showFlares":true,"showImageEffects":true,"showParticleSystems":true,"showVisualEffectGraphs":true,"m_FxEnabled":true},"in2DMode":false,"pivot":{"x":0.008942723274230957,"y":1.0896663665771485,"z":-0.47117874026298525},"rotation":{"x":0.01192412432283163,"y":-0.11172320693731308,"z":0.0013379163574427367,"w":0.9936871528625488},"size":1.6988110542297364,"orthographic":false}