{"cameraMode":{"drawMode":0,"name":"Shaded","section":"Shading Mode"},"sceneLighting":false,"audioPlay":false,"sceneViewState":{"m_AlwaysRefresh":false,"showFog":false,"showSkybox":false,"showFlares":false,"showImageEffects":false,"showParticleSystems":false,"showVisualEffectGraphs":true,"m_FxEnabled":true},"in2DMode":false,"pivot":{"x":0.017576217651367189,"y":0.03683925420045853,"z":0.016615130007267},"rotation":{"x":0.0935743898153305,"y":0.7558169364929199,"z":-0.1107550784945488,"w":0.6385896801948547},"size":0.09820552915334702,"orthographic":false}