{"cameraMode":{"drawMode":0,"name":"Shaded","section":"Shading Mode"},"sceneLighting":false,"audioPlay":false,"sceneViewState":{"m_AlwaysRefresh":false,"showFog":true,"showSkybox":false,"showFlares":true,"showImageEffects":true,"showParticleSystems":true,"showVisualEffectGraphs":true,"m_FxEnabled":true},"in2DMode":false,"pivot":{"x":264.5780334472656,"y":312.6792907714844,"z":6.100852966308594},"rotation":{"x":-0.10481324046850205,"y":0.0031232081819325687,"z":-0.0004303654714021832,"w":-0.9945443868637085},"size":1140.38134765625,"orthographic":false}